NAN,IZENA,ABIZENA,adina,helbidea
94468239Q,Carlos,Navarro,31,Calle Falsa 9
74066894S,Pedro,Martínez,57,Calle Falsa 19
91698319N,Elena,Torres,33,Calle Falsa 1
50531719P,Sofía,Delgado,47,Calle Falsa 4
80030669Q,Laura,Torres,43,Calle Falsa 6
69117534N,Laura,Vargas,43,Calle Falsa 13
95467144D,Miguel,López,39,Calle Falsa 7
32106117G,Rosa,Jiménez,64,Calle Falsa 17
48604114X,Miguel,Domínguez,24,Calle Falsa 5
30961295T,Diego,Ramírez,22,Calle Falsa 10
76825165I,Alberto,López,50,Calle Falsa 16
93098300E,Rosa,Fernández,56,Calle Falsa 2
15063382A,Juan,Hernández,45,Calle Falsa 15
39331613T,Elena,Domínguez,30,Calle Falsa 18
88140400W,Isabel,Navarro,46,Calle Falsa 11
20686725A,Lucía,Fernández,39,Calle Falsa 20
65441899S,Miguel,Pérez,66,Calle Falsa 3
17171640U,Sofía,García,58,Calle Falsa 8
42603100P,Jorge,Morales,66,Calle Falsa 12
43678966B,Pablo,Ramírez,31,Calle Falsa 14
99999999Z,Asier,Fernandez,69,Direccion super falsa
88888888G,Iker,Martinez,21,Eibar
33333333R,Fernando,Alonso,33,Madrid
12345678A,Julen,Monasterio,26,Calle inexistente
87654321Z,Javier,GOnzalez,34,Azkoitia
